INSERT INTO `parents` (`parents_id`, `uid`, `upw`, `nm`, `phone`, `sub_phone`, `email`, `connet`, `auth`, `addr`,
                       `acept`, `created_at`, `updated_at`)
VALUES (1, 'parent1', 'password1', '김부모', '010-1234-5678', '010-8765-4321', 'parent1@email.com', '부', 'ROLE_PARENTS',
        '서울시 강남구', 2, '2024-07-04 08:02:22', '2024-07-09 09:45:31'),
       (2, 'parent2', 'password2', '이부모', '010-2345-6789', NULL, 'parent2@email.com', '부', 'ROLE_PARENTS', '부산시 해운대구',
        2, '2024-07-04 08:02:22', '2024-07-09 09:45:33'),
       (3, 'parent3', 'password3', '박부모', '010-3456-7890', '010-9876-5432', 'parent3@email.com', '부', 'ROLE_PARENTS',
        '대구시 수성구', 2, '2024-07-04 08:02:22', '2024-07-09 09:45:34'),
       (4, 'parent4', 'password4', '최부모', '010-4567-8901', NULL, 'parent4@email.com', '모', 'ROLE_PARENTS', '인천시 연수구', 2,
        '2024-07-04 08:02:22', '2024-07-09 09:45:35'),
       (5, 'parent5', 'password5', '정부모', '010-5678-9012', '010-1234-5678', 'parent5@email.com', '모', 'ROLE_PARENTS',
        '광주시 서구', 2, '2024-07-04 08:02:22', '2024-07-09 09:45:37'),
       (6, 'parent6', 'password6', '강부모', '010-6789-0123', NULL, 'parent6@email.com', '부', 'ROLE_PARENTS', '대전시 유성구', 1,
        '2024-07-04 08:02:22', '2024-07-09 09:44:56'),
       (7, 'parent7', 'password7', '조부모', '010-7890-1234', '010-2345-6789', 'parent7@email.com', '모', 'ROLE_PARENTS',
        '울산시 남구', 1, '2024-07-04 08:02:22', '2024-07-09 09:44:58'),
       (8, 'parent8', 'password8', '윤부모', '010-8901-2345', NULL, 'parent8@email.com', '부', 'ROLE_PARENTS', '세종시 조치원읍',
        2, '2024-07-04 08:02:22', '2024-07-09 09:45:38'),
       (9, 'parent9', 'password9', '장부모', '010-9012-3456', '010-3456-7890', 'parent9@email.com', '모', 'ROLE_PARENTS',
        '경기도 수원시', 1, '2024-07-04 08:02:22', '2024-07-09 09:45:02'),
       (10, 'parent10', 'password10', '임부모', '010-0123-4567', NULL, 'parent10@email.com', '모', 'ROLE_PARENTS',
        '강원도 춘천시', 1, '2024-07-04 08:02:22', '2024-07-09 09:45:03'),
       (11, 'parent11', 'password11', '홍부모', '010-3456-5678', NULL, 'parent11@email.com', '모', 'ROLE_PARENTS',
        '전주시 덕진구', 2, '2024-07-04 08:17:36', '2024-07-09 09:45:39'),
       (12, 'parent12', 'password12', '서부모', '010-4567-6789', '010-7890-9876', 'parent12@email.com', '부',
        'ROLE_PARENTS', '천안시 서북구', 1, '2024-07-04 08:17:36', '2024-07-09 09:45:07'),
       (13, 'parent13', 'password13', '안부모', '010-5678-7890', NULL, 'parent13@email.com', '모', 'ROLE_PARENTS',
        '청주시 흥덕구', 1, '2024-07-04 08:17:36', '2024-07-09 09:45:09'),
       (14, 'parent14', 'password14', '신부모', '010-6789-8901', '010-1234-9876', 'parent14@email.com', '부',
        'ROLE_PARENTS', '제주시 애월읍', 2, '2024-07-04 08:17:36', '2024-07-09 09:45:41'),
       (15, 'parent15', 'password15', '하부모', '010-7890-9012', NULL, 'parent15@email.com', '조모', 'ROLE_PARENTS',
        '창원시 성산구', 1, '2024-07-04 08:17:36', '2024-07-09 09:45:13'),
       (16, 'parent16', 'password16', '공부모', '010-8901-0123', '010-2345-6789', 'parent16@email.com', '조부',
        'ROLE_PARENTS', '포항시 남구', 1, '2024-07-04 08:17:36', '2024-07-09 09:45:15'),
       (17, 'parent17', 'password17', '권부모', '010-9012-1234', NULL, 'parent17@email.com', '기타', 'ROLE_PARENTS',
        '구미시 형곡동', 2, '2024-07-04 08:17:36', '2024-07-09 09:45:43'),
       (18, 'parent18', 'password18', '장부모', '010-0123-2345', '010-3456-7890', 'parent18@email.com', '조부',
        'ROLE_PARENTS', '경주시 황성동', 1, '2024-07-04 08:17:36', '2024-07-09 09:45:19'),
       (19, 'parent19', 'password19', '유부모', '010-1234-3456', NULL, 'parent19@email.com', '조부', 'ROLE_PARENTS',
        '김해시 내외동', 2, '2024-07-04 08:17:36', '2024-07-09 09:45:47'),
       (20, 'parent20', 'password20', '노부모', '010-2345-4567', '010-5678-0123', 'parent20@email.com', '조모',
        'ROLE_PARENTS', '평택시 신장동', 1, '2024-07-04 08:17:36', '2024-07-09 09:45:26');

-- 테이블 데이터 2nd_tdd.notice:~20 rows (대략적) 내보내기
INSERT INTO `student` (`stu_id`, `parents_id`, `grade`, `name`, `gender`, `birth`, `pic`, `addr`, `phone`, `etc`,
                       `state`, `eng_name`, `created_at`, `updated_at`)
VALUES (1, 1, 20201, '김학생', '남', '2010-05-15', NULL, '서울시 강남구', '010-1111-2222', NULL, 1, 'Kim Student',
        '2024-07-04 08:02:22', '2024-07-08 15:36:24'),
       (2, 2, 10102, '이학생', '여', '2010-07-20', NULL, '부산시 해운대구', '010-2222-3333', NULL, 1, 'Lee Student',
        '2024-07-04 08:02:22', NULL),
       (3, 3, 20201, '박학생', '남', '2010-03-10', NULL, '대구시 수성구', '010-3333-4444', NULL, 1, 'Park Student',
        '2024-07-04 08:02:22', '2024-07-05 17:42:46'),
       (4, 4, 10202, '최학생', '여', '2010-09-05', NULL, '인천시 연수구', '010-4444-5555', NULL, 1, 'Choi Student',
        '2024-07-04 08:02:22', NULL),
       (5, 5, 10301, '정학생', '남', '2010-11-30', NULL, '광주시 서구', '010-5555-6666', NULL, 1, 'Jung Student',
        '2024-07-04 08:02:22', NULL),
       (6, 6, 10302, '강학생', '여', '2010-01-25', NULL, '대전시 유성구', '010-6666-7777', NULL, 1, 'Kang Student',
        '2024-07-04 08:02:22', NULL),
       (7, 7, 20101, '조학생', '남', '2009-08-12', NULL, '울산시 남구', '010-7777-8888', NULL, 1, 'Jo Student',
        '2024-07-04 08:02:22', NULL),
       (8, 8, 20102, '윤학생', '여', '2009-06-18', NULL, '세종시 조치원읍', '010-8888-9999', NULL, 1, 'Yoon Student',
        '2024-07-04 08:02:22', NULL),
       (9, 9, 20201, '장학생', '남', '2009-04-22', NULL, '경기도 수원시', '010-9999-0000', NULL, 1, 'Jang Student',
        '2024-07-04 08:02:22', NULL),
       (10, 10, 20202, '임학생', '여', '2009-12-07', NULL, '강원도 춘천시', '010-0000-1111', NULL, 1, 'Lim Student',
        '2024-07-04 08:02:22', NULL),
       (11, 11, 20101, '홍학생', '여', '2009-09-09', NULL, '전주시 덕진구', '010-1111-2222', NULL, 1, 'Hong Student',
        '2024-07-04 08:17:36', NULL),
       (12, 12, 20102, '서학생', '남', '2009-08-08', NULL, '천안시 서북구', '010-2222-3333', NULL, 1, 'Seo Student',
        '2024-07-04 08:17:36', NULL),
       (13, 13, 20201, '안학생', '여', '2009-07-07', NULL, '청주시 흥덕구', '010-3333-4444', NULL, 1, 'An Student',
        '2024-07-04 08:17:36', NULL),
       (14, 14, 20202, '신학생', '남', '2009-06-06', NULL, '제주시 애월읍', '010-4444-5555', NULL, 1, 'Shin Student',
        '2024-07-04 08:17:36', NULL),
       (15, 15, 30101, '하학생', '여', '2009-05-05', NULL, '창원시 성산구', '010-5555-6666', NULL, 1, 'Ha Student',
        '2024-07-04 08:17:36', NULL),
       (16, 16, 30102, '공학생', '남', '2009-04-04', NULL, '포항시 남구', '010-6666-7777', NULL, 1, 'Gong Student',
        '2024-07-04 08:17:36', NULL),
       (17, 17, 30201, '권학생', '여', '2009-03-03', NULL, '구미시 형곡동', '010-7777-8888', NULL, 1, 'Kwon Student',
        '2024-07-04 08:17:36', NULL),
       (18, 18, 30202, '장학생', '남', '2009-02-02', NULL, '경주시 황성동', '010-8888-9999', NULL, 1, 'Jang Student',
        '2024-07-04 08:17:36', NULL),
       (19, 19, 40101, '유학생', '여', '2009-01-01', NULL, '김해시 내외동', '010-9999-0000', NULL, 1, 'Yoo Student',
        '2024-07-04 08:17:36', NULL),
       (20, 20, 40102, '노학생', '남', '2008-12-12', NULL, '평택시 신장동', '010-0000-1111', NULL, 1, 'Noh Student',
        '2024-07-04 08:17:36', NULL);

-- 테이블 데이터 2nd_tdd.parents:~20 rows (대략적) 내보내기
INSERT INTO `teacher` (`tea_id`, `uid`, `upw`, `nm`, `phone`, `email`, `gender`, `birth`, `auth`, `addr`, `acept`,
                       `created_at`, `updated_at`)
VALUES (1, 'teacher1', 'password1', '지선생', '010-3333-4444', 'teacher1@school.com', '여', '1980-03-10', 'ROLE_TEAHCER',
        '서울시 서초구', 2, '2024-07-04 08:02:22', '2024-07-09 09:48:09'),
       (2, 'teacher2', 'password2', '최선생', '010-4444-5555', 'teacher2@school.com', '남', '1985-06-15', 'ROLE_TEAHCER',
        '경기도 성남시', 2, '2024-07-04 08:02:22', '2024-07-09 09:47:15'),
       (3, 'teacher3', 'password3', '정선생', '010-5555-6666', 'teacher3@school.com', '여', '1982-09-20', 'ROLE_TEAHCER',
        '인천시 부평구', 2, '2024-07-04 08:02:22', '2024-07-09 09:47:17'),
       (4, 'teacher4', 'password4', '김선생', '010-6666-7777', 'teacher4@school.com', '남', '1988-12-25', 'ROLE_TEAHCER',
        '대전시 중구', 1, '2024-07-04 08:02:22', NULL),
       (5, 'teacher5', 'password5', '이선생', '010-7777-8888', 'teacher5@school.com', '여', '1983-02-28', 'ROLE_TEAHCER',
        '부산시 수영구', 2, '2024-07-04 08:02:22', '2024-07-09 09:47:18'),
       (6, 'teacher6', 'password6', '강선생', '010-8888-9999', 'teacher6@school.com', '남', '1986-05-05', 'ROLE_TEAHCER',
        '광주시 북구', 1, '2024-07-04 08:02:22', NULL),
       (7, 'teacher7', 'password7', '조선생', '010-9999-0000', 'teacher7@school.com', '여', '1981-08-08', 'ROLE_TEAHCER',
        '대구시 동구', 2, '2024-07-04 08:02:22', '2024-07-09 09:47:19'),
       (8, 'teacher8', 'password8', '윤선생', '010-0000-1111', 'teacher8@school.com', '남', '1987-11-11', 'ROLE_TEAHCER',
        '울산시 중구', 1, '2024-07-04 08:02:22', NULL),
       (9, 'teacher9', 'password9', '장선생', '010-1111-2222', 'teacher9@school.com', '여', '1984-01-14', 'ROLE_TEAHCER',
        '세종시 아름동', 2, '2024-07-04 08:02:22', '2024-07-09 09:47:21'),
       (10, 'teacher10', 'password10', '임선생', '010-2222-3333', 'teacher10@school.com', '남', '1989-04-17',
        'ROLE_TEAHCER', '강원도 원주시', 1, '2024-07-04 08:02:22', NULL),
       (11, 'teacher11', 'password11', '송선생', '010-3333-5555', 'teacher11@school.com', '남', '1982-02-14',
        'ROLE_TEAHCER', '전주시 완산구', 1, '2024-07-04 08:17:36', NULL),
       (12, 'teacher12', 'password12', '전선생', '010-4444-6666', 'teacher12@school.com', '여', '1985-05-22',
        'ROLE_TEAHCER', '천안시 동남구', 1, '2024-07-04 08:17:36', NULL),
       (13, 'teacher13', 'password13', '우선생', '010-5555-7777', 'teacher13@school.com', '남', '1983-08-30',
        'ROLE_TEAHCER', '청주시 상당구', 2, '2024-07-04 08:17:36', '2024-07-09 09:47:22'),
       (14, 'teacher14', 'password14', '윤선생', '010-6666-8888', 'teacher14@school.com', '여', '1981-11-11',
        'ROLE_TEAHCER', '제주시 조천읍', 1, '2024-07-04 08:17:36', NULL),
       (15, 'teacher15', 'password15', '류선생', '010-7777-9999', 'teacher15@school.com', '남', '1987-03-25',
        'ROLE_TEAHCER', '창원시 의창구', 2, '2024-07-04 08:17:36', '2024-07-09 09:47:23'),
       (16, 'teacher16', 'password16', '배선생', '010-8888-0000', 'teacher16@school.com', '여', '1984-06-16',
        'ROLE_TEAHCER', '포항시 북구', 1, '2024-07-04 08:17:36', NULL),
       (17, 'teacher17', 'password17', '김선생', '010-9999-1111', 'teacher17@school.com', '남', '1989-09-05',
        'ROLE_TEAHCER', '구미시 옥계동', 2, '2024-07-04 08:17:36', '2024-07-09 09:47:24'),
       (18, 'teacher18', 'password18', '남선생', '010-0000-2222', 'teacher18@school.com', '여', '1986-12-08',
        'ROLE_TEAHCER', '경주시 동천동', 1, '2024-07-04 08:17:36', NULL),
       (19, 'teacher19', 'password19', '백선생', '010-1111-3333', 'teacher19@school.com', '남', '1988-01-19',
        'ROLE_TEAHCER', '김해시 장유동', 2, '2024-07-04 08:17:36', '2024-07-09 09:47:26');

-- 테이블 데이터 2nd_tdd.teacher:~20 rows (대략적) 내보내기
INSERT INTO `class` (`class_id`, `tea_id`, `created_at`, `updated_at`)
VALUES (101, 1, '2024-07-04 08:02:22', NULL),
       (102, 2, '2024-07-04 08:02:22', NULL),
       (103, 11, '2024-07-04 08:17:36', NULL),
       (104, 12, '2024-07-04 08:17:36', NULL),
       (201, 3, '2024-07-04 08:02:22', NULL),
       (202, 4, '2024-07-04 08:02:22', NULL),
       (203, 13, '2024-07-04 08:17:36', NULL),
       (204, 14, '2024-07-04 08:17:36', NULL),
       (301, 5, '2024-07-04 08:02:22', NULL),
       (302, 6, '2024-07-04 08:02:22', NULL),
       (303, 15, '2024-07-04 08:17:36', NULL),
       (304, 16, '2024-07-04 08:17:36', NULL),
       (401, 7, '2024-07-04 08:02:22', NULL),
       (402, 8, '2024-07-04 08:02:22', NULL),
       (403, 17, '2024-07-04 08:17:36', NULL),
       (404, 18, '2024-07-04 08:17:36', NULL),
       (501, 9, '2024-07-04 08:02:22', NULL),
       (502, 10, '2024-07-04 08:02:22', NULL),
       (503, 19, '2024-07-04 08:17:36', NULL),
       (504, 20, '2024-07-04 08:17:36', NULL);

-- 테이블 데이터 2nd_tdd.score:~31 rows (대략적) 내보내기
INSERT INTO `student_classes` (`sc_id`, `stu_id`, `class_id`, `created_at`, `updated_at`)
VALUES (1, 1, 101, '2024-07-04 08:02:22', NULL),
    (2, 2, 101, '2024-07-04 08:02:22', NULL),
    (3, 3, 102, '2024-07-04 08:02:22', NULL),
    (4, 4, 102, '2024-07-04 08:02:22', NULL),
    (5, 5, 101, '2024-07-04 08:02:22', '2024-07-05 17:47:12'),
    (6, 6, 201, '2024-07-04 08:02:22', NULL),
    (7, 7, 202, '2024-07-04 08:02:22', NULL),
    (8, 8, 202, '2024-07-04 08:02:22', NULL),
    (9, 9, 301, '2024-07-04 08:02:22', NULL),
    (10, 10, 301, '2024-07-04 08:02:22', NULL),
    (11, 11, 103, '2024-07-04 08:17:36', NULL),
    (12, 12, 103, '2024-07-04 08:17:36', NULL),
    (13, 13, 104, '2024-07-04 08:17:36', NULL),
    (14, 14, 104, '2024-07-04 08:17:36', NULL),
    (15, 15, 203, '2024-07-04 08:17:36', NULL),
    (16, 16, 203, '2024-07-04 08:17:36', NULL),
    (17, 17, 204, '2024-07-04 08:17:36', NULL),
    (18, 18, 204, '2024-07-04 08:17:36', NULL),
    (19, 19, 303, '2024-07-04 08:17:36', NULL),
    (20, 20, 303, '2024-07-04 08:17:36', NULL),
    (22, 1, 201, '2024-07-08 15:11:32', NULL);

-- 테이블 데이터 2nd_tdd.score_sign:~10 rows (대략적) 내보내기
INSERT INTO `score` (`score_id`, `sc_id`, `year`, `semester`, `name`, `exam`, `mark`, `created_at`, `updated_at`)
VALUES (1, 1, 2023, 1, '수학', 1, 85, '2024-07-05 17:37:23', NULL),
       (2, 2, 2023, 1, '수학', 2, 88, '2024-07-05 17:37:23', NULL),
       (3, 2, 2023, 1, '영어', 1, 78, '2024-07-05 17:37:23', NULL),
       (4, 3, 2023, 1, '영어', 2, 82, '2024-07-05 17:37:23', NULL),
       (5, 4, 2023, 1, '과학', 1, 92, '2024-07-05 17:37:23', NULL),
       (6, 1, 2023, 1, '과학', 2, 90, '2024-07-05 17:37:23', NULL),
       (7, 1, 2023, 1, '국어', 1, 80, '2024-07-05 17:37:23', NULL),
       (8, 4, 2023, 1, '국어', 2, 83, '2024-07-05 17:37:23', NULL),
       (9, 2, 2023, 1, '역사', 1, 89, '2024-07-05 17:37:23', NULL),
       (10, 3, 2023, 1, '역사', 2, 91, '2024-07-05 17:37:23', NULL),
       (11, 1, 2023, 2, '수학', 1, 87, '2024-07-05 17:37:23', NULL),
       (12, 4, 2023, 2, '수학', 2, 93, '2024-07-05 17:37:23', NULL),
       (13, 4, 2023, 2, '영어', 1, 81, '2024-07-05 17:37:23', NULL),
       (14, 3, 2023, 2, '영어', 2, 85, '2024-07-05 17:37:23', NULL),
       (15, 1, 2023, 2, '과학', 1, 94, '2024-07-05 17:37:23', NULL),
       (16, 1, 2023, 2, '과학', 2, 92, '2024-07-05 17:37:23', NULL),
       (17, 1, 2023, 2, '국어', 1, 79, '2024-07-05 17:37:23', NULL),
       (18, 4, 2023, 2, '국어', 2, 84, '2024-07-05 17:37:23', NULL),
       (19, 1, 2023, 2, '역사', 1, 86, '2024-07-05 17:37:23', NULL),
       (20, 1, 2023, 2, '역사', 2, 95, '2024-07-05 17:37:23', NULL),
       (22, 3, 2023, 1, '수학', 1, 85, '2024-07-05 17:37:23', '2024-07-05 17:41:07'),
       (23, 3, 2023, 2, '국어', 1, 83, '2024-07-05 17:37:23', '2024-07-05 17:42:37'),
       (24, 5, 2023, 2, '수학', 2, 93, '2024-07-05 17:37:23', NULL),
       (25, 10, 2023, 1, '수학', 1, 85, '2024-07-08 14:26:04', NULL),
       (26, 10, 2023, 1, '수학', 2, 88, '2024-07-08 14:26:04', NULL),
       (27, 10, 2023, 1, '영어', 1, 78, '2024-07-08 14:26:04', NULL),
       (28, 10, 2023, 1, '영어', 2, 82, '2024-07-08 14:26:04', NULL),
       (29, 10, 2022, 1, '과학', 1, 1, '2024-07-08 14:55:33', NULL),
       (30, 1, 2024, 1, '과학', 1, 1, '2024-07-08 14:59:48', '2024-07-08 14:59:56'),
       (32, 22, 2024, 1, '수학', 1, 75, '2024-07-08 15:12:43', NULL),
       (34, 1, 2023, 1, '영어', 1, 96, '2024-07-08 17:10:26', NULL);

-- 테이블 데이터 2nd_tdd.student:~20 rows (대략적) 내보내기
INSERT INTO `notice` (`notice_id`, `tea_id`, `title`, `content`, `class_id`, `created_at`, `updated_at`)
VALUES (1, 1, '1학기 학부모 상담 안내', '다음 주 화요일부터 1학기 학부모 상담이 시작됩니다. 일정을 확인해 주세요.', 101, '2024-07-04 08:02:22', NULL),
       (2, 2, '현장 학습 안내', '다음 달 15일에 과학관 현장 학습이 예정되어 있습니다. 준비물을 확인해 주세요.', 102, '2024-07-04 08:02:22', NULL),
       (3, 3, '중간고사 일정 안내', '이번 달 말부터 중간고사가 시작됩니다. 시험 범위를 꼭 확인해 주세요.', 201, '2024-07-04 08:02:22', NULL),
       (4, 4, '학교 축제 안내', '다음 주 금요일에 학교 축제가 열립니다. 많은 참여 부탁드립니다.', 202, '2024-07-04 08:02:22', NULL),
       (5, 5, '방과후 수업 변경 안내', '이번 주부터 방과후 수업 시간표가 변경됩니다. 확인 부탁드립니다.', 301, '2024-07-04 08:02:22', NULL),
       (6, 6, '봉사활동 안내', '이번 주 토요일에 지역 공원 청소 봉사활동이 있습니다. 신청해 주세요.', 302, '2024-07-04 08:02:22', NULL),
       (7, 7, '학부모회 모임 안내', '다음 주 수요일에 학부모회 정기 모임이 있습니다. 많은 참석 바랍니다.', 401, '2024-07-04 08:02:22', NULL),
       (8, 8, '진로 체험 활동 안내', '다음 달 첫째 주에 진로 체험 활동이 예정되어 있습니다. 관심 분야를 신청해 주세요.', 402, '2024-07-04 08:02:22', NULL),
       (9, 9, '학교 안전 교육 안내', '이번 주 금요일에 전교생 대상 학교 안전 교육이 실시됩니다.', 501, '2024-07-04 08:02:22', NULL),
       (10, 10, '기말고사 일정 안내', '다음 달 첫째 주부터 기말고사가 시작됩니다. 시험 범위를 확인해 주세요.', 502, '2024-07-04 08:02:22', NULL),
       (11, 11, '신입생 오리엔테이션 안내', '다음 주 월요일에 신입생 오리엔테이션이 있습니다. 참석해 주세요.', 103, '2024-07-04 08:17:36', NULL),
       (12, 12, '교내 체육대회 일정 안내', '다음 달 셋째 주 금요일에 교내 체육대회가 열립니다. 많은 참여 바랍니다.', 104, '2024-07-04 08:17:36', NULL),
       (13, 13, '중간고사 시험 범위 공지', '다음 주부터 중간고사가 시작됩니다. 시험 범위를 확인해 주세요.', 203, '2024-07-04 08:17:36', NULL),
       (14, 14, '수학여행 안내', '다음 달 셋째 주에 2박 3일간 수학여행이 예정되어 있습니다. 신청해 주세요.', 204, '2024-07-04 08:17:36', NULL),
       (15, 15, '동아리 모집 공지', '이번 주부터 다양한 동아리 모집이 시작됩니다. 많은 신청 바랍니다.', 303, '2024-07-04 08:17:36', NULL),
       (16, 16, '학부모 상담 안내', '다음 주 화요일부터 학부모 상담이 시작됩니다. 일정을 확인해 주세요.', 304, '2024-07-04 08:17:36', NULL),
       (17, 17, '과학 캠프 일정 안내', '다음 달 첫째 주에 과학 캠프가 열립니다. 신청해 주세요.', 403, '2024-07-04 08:17:36', NULL),
       (18, 18, '진로 상담 안내', '이번 주 금요일에 진로 상담이 있습니다. 상담을 원하는 학생은 신청해 주세요.', 404, '2024-07-04 08:17:36', NULL),
       (19, 19, '기말고사 일정 안내', '다음 달 둘째 주부터 기말고사가 시작됩니다. 시험 범위를 확인해 주세요.', 503, '2024-07-04 08:17:36', NULL),
       (20, 20, '겨울방학 일정 안내', '다음 주 금요일부터 겨울방학이 시작됩니다. 즐거운 방학 보내세요.', 504, '2024-07-04 08:17:36', NULL);

-- 테이블 데이터 2nd_tdd.student_classes:~21 rows (대략적) 내보내기
INSERT INTO `score_sign` (`sign_id`, `stu_id`, `year`, `semester`, `pic`, `created_at`)
VALUES (1, 1, 2023, 1, NULL, '2024-07-04 08:02:22'),
       (2, 2, 2023, 1, NULL, '2024-07-04 08:02:22'),
       (3, 3, 2023, 1, NULL, '2024-07-04 08:02:22'),
       (4, 4, 2023, 1, NULL, '2024-07-04 08:02:22'),
       (5, 5, 2023, 1, NULL, '2024-07-04 08:02:22'),
       (6, 6, 2023, 2, NULL, '2024-07-04 08:02:22'),
       (7, 7, 2023, 2, NULL, '2024-07-04 08:02:22'),
       (8, 8, 2023, 2, NULL, '2024-07-04 08:02:22'),
       (9, 9, 2023, 2, NULL, '2024-07-04 08:02:22'),
       (10, 10, 2023, 2, NULL, '2024-07-04 08:02:22');
