-- JSH : 과목 DB, 세부 분류 DB, 문제 및 보기 임의 데이터

INSERT INTO `parents` (`parents_id`, `created_at`, `updated_at`, `accept`, `addr`, `auth`, `email`, `name`, `phone`, `state`, `uid`, `upw`, `connect`, `sub_phone`) VALUES (1, '2024-08-02 14:38:23.000000', NULL, 1, NULL, 'ROLE_PARENTS', 'rlacjf111@naver.com', '김철부모', '010-0000-0000', 1, 'rlacjf111', '$2a$10$n81i7ql6vle0Rc5u6p/xf.d6BHzLdI0bKsCCfFATgd31pP.yF7DfK', NULL, NULL),(2, '2024-08-02 14:38:23.000000', NULL, 2, NULL, 'ROLE_PARENTS', 'aaaa111@naver.com', '테스트', '010-0000-0000', 1, '1111', '$2a$10$n81i7ql6vle0Rc5u6p/xf.d6BHzLdI0bKsCCfFATgd31pP.yF7DfK', NULL, NULL),(3, '2024-08-02 14:38:23.000000', NULL, 2, NULL, 'ROLE_PARENTS', 'aaaa112@naver.com', '테스트2', '010-0000-0000', 1, '1112', '$2a$10$n81i7ql6vle0Rc5u6p/xf.d6BHzLdI0bKsCCfFATgd31pP.yF7DfK', NULL, NULL),(4, '2024-08-02 14:38:23.000000', NULL, 2, NULL, 'ROLE_PARENTS', 'aaaa113@naver.com', '테스트3', '010-0000-0000', 1, '1113', '$2a$10$n81i7ql6vle0Rc5u6p/xf.d6BHzLdI0bKsCCfFATgd31pP.yF7DfK', NULL, NULL),(5, '2024-08-02 14:38:23.000000', NULL, 2, NULL, 'ROLE_PARENTS', 'aaaa114@naver.com', '테스트4', '010-0000-0000', 1, '1114', '$2a$10$n81i7ql6vle0Rc5u6p/xf.d6BHzLdI0bKsCCfFATgd31pP.yF7DfK', NULL, NULL),(6, '2024-08-02 14:38:23.000000', NULL, 2, NULL, 'ROLE_PARENTS', 'aaaa115@naver.com', '테스트5', '010-0000-0000', 1, '1115', '$2a$10$n81i7ql6vle0Rc5u6p/xf.d6BHzLdI0bKsCCfFATgd31pP.yF7DfK', NULL, NULL);

INSERT INTO `student` (`accept`, `birth`, `grade`, `state`, `gender`, `created_at`, `parent_id`, `stu_id`, `updated_at`, `name`, `phone`, `auth`, `eng_name`, `uid`, `upw`, `addr`, `etc`, `email`, `pic`, `rand_code`) VALUES (2, '2024-08-01', 10101, 1, '남', '2024-08-01 09:37:33.000000', 1, 1, '2024-08-01 09:37:39.000000', '홍길동', '010-3453-4345', 'ROLE_STUDENT', NULL, 'ghdrlfehd111', '$2a$10$K/DxoACUp2sB/nZGq02yseVoKRaFUQbzpfp/Yyst33IoO1KLP7.L.', NULL, NULL, 'rlfehd@naver.com', NULL, '123412');
INSERT INTO `student` (`accept`, `birth`, `grade`, `state`, `gender`, `created_at`, `parent_id`, `stu_id`, `updated_at`, `name`, `phone`, `auth`, `eng_name`, `uid`, `upw`, `addr`, `etc`, `email`, `pic`, `rand_code`) VALUES (2, '2024-08-02', 10102, 1, '녀', '2024-08-01 09:37:33.000000', NULL, 2, '2024-08-01 09:37:39.000000', '낭길동', '010-3452-4345', 'ROLE_STUDENT', NULL, 'ghdrl3123fehd111', NULL, NULL, NULL, 'rlfasdfhd@naver.com', NULL, '133412');

INSERT INTO `parent_oath2` (`provider_type`, `created_at`, `oath2id`, `parent_id`, `updated_at`, `email`, `id`, `name`) VALUES (4, '2024-08-01 17:33:28.000000', 1, 1, '2024-08-01 17:33:30.000000', 'asdf@gmail.com', NULL, '홍길동');

INSERT INTO `student` (`stu_id`, `created_at`, `updated_at`, `accept`,`addr`,`auth`,`email`,`name`,`phone`,`state`,`uid`,`upw`,`birth`,`gender`,`eng_name`,`etc`,`grade`,`pic`,`rand_code`,`parent_id`) VALUES (3, '2024-08-05 09:00:00', '2024-08-05 09:00:00', 1, '123 # 서울시 강남구# 101호', 'student', 'student1@example.com', '김철수', '010-1234-5678',1 , 'student1', 'password1', '2000-01-01', 'M', 'Chulsoo Kim', NULL, 10103, NULL, 'ABC123', NULL), (4, '2024-08-05 09:15:00', '2024-08-05 09:15:00', 1, '123 # 서울시 강남구# 101호', 'student', 'student2@example.com', '이영희', '010-2345-6789',1 , 'student2', 'password2', '2001-02-02', 'F', 'Younghee Lee', NULL, 20201, NULL, 'DEF456', NULL), (5, '2024-08-05 09:30:00', '2024-08-05 09:30:00', 1, '123 # 서울시 강남구# 101호', 'student', 'student3@example.com', '박민수', '010-3456-7890', 1, 'student3', 'password3', '2002-03-03', 'M', 'Minsoo Park', NULL, 20202, NULL, 'GHI789', NULL), (6, '2024-08-05 09:45:00', '2024-08-05 09:45:00', 1, '123 # 서울시 강남구# 101호', 'student', 'student4@example.com', '정수연', '010-4567-8901', 1, 'student4', 'password4', '2000-04-04', 'F', 'Suyeon Jung', NULL, 20203, NULL, 'JKL012', NULL), (7, '2024-08-05 10:00:00', '2024-08-05 10:00:00', 1, '123 # 서울시 강남구# 101호', 'student', 'student5@example.com', '홍길동', '010-5678-9012', 1, 'student5', 'password5', '2001-05-05', 'M', 'Gildong Hong', NULL,20101, NULL, 'MNO345', NULL), (8, '2024-08-05 10:15:00', '2024-08-05 10:15:00', 1, '123 # 서울시 강남구# 101호', 'student', 'student6@example.com', '강지연', '010-6789-0123', 1, 'student6', 'password6', '2002-06-06', 'F', 'Jiyeon Kang', NULL, 30301, NULL, 'PQR678', NULL), (9, '2024-08-05 10:30:00', '2024-08-05 10:30:00', 1, '123 # 서울시 강남구# 101호', 'student', 'student7@example.com', '손흥민', '010-7890-1234', 1, 'student7', 'password7', '2000-07-07', 'M', 'Heungmin Son', NULL, 30101, NULL, 'STU901', NULL), (10, '2024-08-05 10:45:00', '2024-08-05 10:45:00', 1, '123 # 서울시 강남구# 101호', 'student', 'student8@example.com', '김연아', '010-8901-2345', 1, 'student8', 'password8', '2001-08-08', 'F', 'Yuna Kim', NULL, 30102, NULL, 'VWX234', NULL), (11, '2024-08-05 11:00:00', '2024-08-05 11:00:00', 1, '123 # 서울시 강남구# 101호', 'student', 'student9@example.com', '박지성', '010-9012-3456', 1, 'student9', 'password9', '2002-09-09', 'M', 'Jisung Park', NULL, 40101, NULL, 'YZA567', NULL), (12, '2024-08-05 11:15:00', '2024-08-05 11:15:00', 1, '123 # 서울시 강남구# 101호', 'student', 'student10@example.com', '이나영', '010-0123-4567', 1, 'student10', 'password10', '2000-10-10', 'F', 'Nayoung Lee', NULL, 40102, NULL, 'BCD890', NULL), (13, '2024-08-05 11:30:00', '2024-08-05 11:30:00', 1, '123 # 서울시 강남구# 101호', 'student', 'student11@example.com', '정우성', '010-1234-5679', 1, 'student11', 'password11', '2001-11-11', 'M', 'Woosung Jung', NULL, 40103, NULL, 'EFG123', NULL), (14, '2024-08-05 11:45:00', '2024-08-05 11:45:00', 1, '123 # 서울시 강남구# 101호', 'student', 'student12@example.com', '송혜교', '010-2345-6780', 1, 'student12', 'password12', '2002-12-12', 'F', 'Hyekyo Song', NULL,50101, NULL, 'HIJ456', NULL), (15, '2024-08-05 12:00:00', '2024-08-05 12:00:00', 1, '123 # 서울시 강남구# 101호', 'student', 'student13@example.com', '유재석', '010-3456-7891', 1, 'student13', 'password13', '2000-01-13', 'M', 'Jaesuk Yoo', NULL, 50102, NULL, 'KLM789', NULL), (16, '2024-08-05 12:15:00', '2024-08-05 12:15:00', 1, '123 # 서울시 강남구# 101호', 'student', 'student14@example.com', '김태희', '010-4567-8902', 1, 'student14', 'password14', '2001-02-14', 'F', 'Taehee Kim', NULL, 50103, NULL, 'NOP012', NULL), (17, '2024-08-05 12:30:00', '2024-08-05 12:30:00', 1, '123 # 서울시 강남구# 101호', 'student', 'student15@example.com', '조인성', '010-5678-9013', 1, 'student15', 'password15', '2002-03-15', 'M', 'Insung Jo', NULL, 40203, NULL, 'QRS345', NULL), (18, '2024-08-05 12:45:00', '2024-08-05 12:45:00', 1, '123 # 서울시 강남구# 101호', 'student', 'student16@example.com', '전지현', '010-6789-0124', 1, 'student16', 'password16', '2000-04-16', 'F', 'Jihyun Jun', NULL, 50201, NULL, 'TUV678', NULL), (19, '2024-08-05 13:00:00', '2024-08-05 13:00:00', 1, '123 # 서울시 강남구# 101호', 'student', 'student17@example.com', '이병헌', '010-7890-1235', 1, 'student17', 'password17', '2001-05-17', 'M', 'Byunghun Lee', NULL, 50202, NULL, 'WXY901', NULL), (20, '2024-08-05 13:15:00', '2024-08-05 13:15:00', 1, '123 # 서울시 강남구# 101호', 'student', 'student18@example.com', '고소영', '010-8901-2346', 1, 'student18', 'password18', '200-06-18', 'F', 'Soyoung Go', NULL, 50204, NULL, 'ZAB234', NULL), (21, '2024-08-05 13:30:00', '2024-08-05 13:30:00', 1, '123 # 서울시 강남구# 101호', 'student', 'student19@example.com', '원빈', '010-9012-3457', 1, 'student19', 'password19', '2000-07-19', 'M', 'Bin Won', NULL, 60101, NULL, 'CDE567', NULL), (22, '2024-08-05 13:45:00', '2024-08-05 13:45:00', 1, '123 # 서울시 강남구# 101호', 'student', 'student20@example.com', '한가인', '010-0123-4568', 1, 'student20', 'password20', '2001-08-20', 'F', 'Gain Han', NULL, 60102, NULL, 'FGH890', NULL), (23, '2024-08-05 14:00:00', '2024-08-05 14:00:00', 1, '123 # 서울시 강남구# 101호', 'student', 'student21@example.com', '장동건', '010-1234-5680', 1, 'student21', 'password21', '2002-09-21', 'M', 'Donggun Jang', NULL, 60103, NULL, 'IJK123', NULL), (24, '2024-08-05 14:15:00', '2024-08-05 14:15:00', 1, '123 # 서울시 강남구# 101호', 'student', 'student22@example.com', '김하늘', '010-2345-6781', 1, 'student22', 'password22', '2000-10-22', 'F', 'Haneul Kim', NULL, 60104, NULL, 'LMN456', NULL), (25, '2024-08-05 14:30:00', '2024-08-05 14:30:00', 1, '123 # 서울시 강남구# 101호', 'student', 'student23@example.com', '조정석', '010-3456-7892', 1, 'student23', 'password23', '2001-11-23', 'M', 'Jungseok Jo', NULL, 60105, NULL, 'OPQ789', NULL), (26, '2024-08-05 14:45:00', '2024-08-05 14:45:00', 1, '123 # 서울시 강남구# 101호', 'student', 'student24@example.com', '수지', '010-4567-8903', 1, 'student24', 'password24', '2002-12-24', 'F', 'Suzy', NULL, 60201, NULL, 'RST012', NULL), (27, '2024-08-05 15:00:00', '2024-08-05 15:00:00', 1, '123 # 서울시 강남구# 101호', 'student', 'student25@example.com', '공유', '010-5678-9014', 1, 'student25', 'password25', '2000-01-25', 'M', 'Gong Yoo', NULL, 60202, NULL, 'UVW345', NULL), (28, '2024-08-05 15:15:00', '2024-08-05 15:15:00', 1, '123 # 서울시 강남구# 101호', 'student', 'student26@example.com', '박보영', '010-6789-0125', 1, 'student26', 'password26', '2001-02-26', 'F', 'Boyoung Park', NULL, 40201, NULL, 'XYZ678', NULL), (29, '2024-08-05 15:30:00', '2024-08-05 15:30:00', 1, '123 # 서울시 강남구# 101호', 'student', 'student27@example.com', '이승기', '010-7890-1236', 1, 'student27', 'password27', '2002-03-27', 'M', 'Seunggi Lee', NULL, 40202, NULL, 'ABC901', NULL), (30, '2024-08-05 15:45:00', '2024-08-05 15:45:00', 1, '123 # 서울시 강남구# 101호', 'student', 'student28@example.com', '문채원', '010-8901-2347', 1, 'student28', 'password28', '2000-04-28', 'F', 'Chaewon Moon', NULL, 50203, NULL, 'DEF234', NULL), (31, '2024-08-05 16:00:00', '2024-08-05 16:00:00', 1, '123 # 서울시 강남구# 101호', 'student', 'student29@example.com', '현빈', '010-9012-3458', 1, 'student29', 'password29', '2001-05-29', 'M', 'Hyun Bin', NULL, 10104, NULL, 'GHI567', NULL), (32, '2024-08-05 16:15:00', '2024-08-05 16:15:00', 1, '123 # 서울시 강남구# 101호', 'student', 'student30@example.com', '박신혜', '010-0123-4569', 1, 'student30', 'password30', '2002-06-30', 'F', 'Shinhye Park', NULL, 10105, NULL, 'JKL890', NULL);

INSERT INTO `teacher` (`tea_id`, `created_at`, `updated_at`, `accept`, `addr`, `auth`, `email`, `name`, `phone`, `state`, `uid`, `upw`, `birth`, `gender`) VALUES (3, '2024-08-01 16:42:08.420143', '2024-08-01 16:42:08.420143', 2, '12345 # 서울 판교 1234 # 101동', 'ROLE_TEACHER', 'test1111@naver.com', '선생1', '010-0000-0000', 1, 'test1111', '$2a$10$n81i7ql6vle0Rc5u6p/xf.d6BHzLdI0bKsCCfFATgd31pP.yF7DfK', '2024-06-28', '남'),(5, '2024-08-01 16:42:08.420143', '2024-08-01 16:42:08.420143', 2, '12345 # 서울 판교 1234 # 101동', 'ROLE_TEACHER', 'test1112@naver.com', '선생2', '010-0000-0000', 1, 'test1112', '$2a$10$n81i7ql6vle0Rc5u6p/xf.d6BHzLdI0bKsCCfFATgd31pP.yF7DfK', '2024-06-28', '남'),(6, '2024-08-01 16:42:08.420143', '2024-08-01 16:42:08.420143', 2, '12345 # 서울 판교 1234 # 101동', 'ROLE_TEACHER', 'test1113@naver.com', '선생3', '010-0000-0000', 1, 'test1113', '$2a$10$n81i7ql6vle0Rc5u6p/xf.d6BHzLdI0bKsCCfFATgd31pP.yF7DfK', '2024-06-28', '남'),(7, '2024-08-01 16:42:08.420143', '2024-08-01 16:42:08.420143', 2, '12345 # 서울 판교 1234 # 101동', 'ROLE_TEACHER', 'test1114@naver.com', '선생4', '010-0000-0000', 1, 'test1114', '$2a$10$n81i7ql6vle0Rc5u6p/xf.d6BHzLdI0bKsCCfFATgd31pP.yF7DfK', '2024-06-28', '남'),(8, '2024-08-01 16:42:08.420143', '2024-08-01 16:42:08.420143', 2, '12345 # 서울 판교 1234 # 101동', 'ROLE_TEACHER', 'test1115@naver.com', '선생5', '010-0000-0000', 1, 'test1115', '$2a$10$n81i7ql6vle0Rc5u6p/xf.d6BHzLdI0bKsCCfFATgd31pP.yF7DfK', '2024-06-28', '남');
-- 학부모 더미 데이터
INSERT INTO `class` (`class_id`, `created_at`, `updated_at`, `tea_id`) VALUES (101, '2024-08-01 09:35:37.000000', '2024-08-01 09:35:38.000000', 3);

INSERT INTO `student_class` (`sc_id`, `created_at`, `updated_at`, `class_id`, `stu_id`) VALUES (1, '2024-08-01 09:38:54.000000', '2024-08-01 09:38:55.000000', 101, 1);
INSERT INTO `student_class` (`sc_id`, `created_at`, `updated_at`, `class_id`, `stu_id`) VALUES (2, '2024-08-01 09:38:54.000000', '2024-08-01 09:38:55.000000', 101, 2);

INSERT INTO `score` (`score_id`, `created_at`, `updated_at`, `exam`, `mark`, `name`, `semester`, `year`, `sc_id`) VALUES (83, '2024-08-02 17:48:46.625378', NULL, 1, 100, '국어', 1, '2024', 1),(84, '2024-08-02 17:48:46.625378', NULL, 1, 100, '수학', 1, '2024', 1),(85, '2024-08-02 17:48:46.625378', NULL, 1, 100, '바른 생활', 1, '2024', 1),	(86, '2024-08-02 17:48:46.625378', NULL, 1, 100, '사회/도덕', 1, '2024', 1),	(87, '2024-08-02 17:48:46.625378', NULL, 1, 0, '과학', 1, '2024', 1),	(88, '2024-08-02 17:48:46.625378', NULL, 1, 0, '영어', 1, '2024', 1),	(89, '2024-08-02 17:48:46.625378', NULL, 1, 0, '실과', 1, '2024', 1),	(90, '2024-08-02 17:48:46.625378', NULL, 1, 0, '체육', 1, '2024', 1),	(91, '2024-08-02 17:48:46.625378', NULL, 1, 0, '음악', 1, '2024', 1),	(92, '2024-08-02 17:48:46.625378', NULL, 1, 0, '미술', 1, '2024', 1),	(103, '2024-08-02 17:51:06.905800', NULL, 2, 100, '국어', 1, '2024', 1),	(104, '2024-08-02 17:51:06.905800', NULL, 2, 50, '수학', 1, '2024', 1),	(105, '2024-08-02 17:51:06.905800', NULL, 2, 50, '바른 생활', 1, '2024', 1),	(106, '2024-08-02 17:51:06.905800', NULL, 2, 50, '사회/도덕', 1, '2024', 1),	(107, '2024-08-02 17:51:06.905800', NULL, 2, 0, '과학', 1, '2024', 1),	(108, '2024-08-02 17:51:06.905800', NULL, 2, 0, '영어', 1, '2024', 1),	(109, '2024-08-02 17:51:06.905800', NULL, 2, 0, '실과', 1, '2024', 1),	(110, '2024-08-02 17:51:06.905800', NULL, 2, 0, '체육', 1, '2024', 1),	(111, '2024-08-02 17:51:06.905800', NULL, 2, 0, '음악', 1, '2024', 1),	(112, '2024-08-02 17:51:06.905800', NULL, 2, 0, '미술', 1, '2024', 1);

-- 선생 더미 데이터
INSERT INTO `calender` (`schedule`, `type`, `calender_id`, `name`) VALUES ('2024-08-07', 1, 1, '수요일은 다 먹는 날'),('2024-08-14', 1, 2, '수요일은 다 먹는 날'),('2024-08-21', 1, 3, '수요일은 다 먹는 날'),('2024-08-28', 1, 4, '수요일은 다 먹는 날'),('2024-07-03', 1, 5, '수요일은 다 먹는 날'),('2024-07-10', 1, 6, '수요일은 다 먹는 날'),('2024-07-17', 1, 7, '수요일은 다 먹는 날'),('2024-07-24', 1, 8, '수요일은 다 먹는 날'),('2024-07-31', 1, 9, '수요일은 다 먹는 날'),('2024-09-04', 1, 10, '수요일은 다 먹는 날'),('2024-09-11', 1, 11, '수요일은 다 먹는 날'),('2024-09-18', 1, 12, '수요일은 다 먹는 날'),('2024-09-25', 1, 13, '수요일은 다 먹는 날'),('2024-08-15', 3, 14, '광복절'),('2024-08-05', 3, 15, '개교 기념일'),('2024-08-26', 2, 16, '기말 고사');


-- 캘린더 더미 데이터
INSERT INTO `subject` (subject_name) VALUE ('국어'),('수학'),('영어');
INSERT INTO type_tag (tag_id, subject_id, type_num, tag_name) VALUE (1, 1, 1, '독해'), (2, 1, 2, '문법'), (3, 1, 3, '문학');

INSERT INTO haesol_online (que_id, tea_id, class_id, subject_code, type_tag, `level`, question, contents, answer, pic, created_at, updated_at) VALUES (1, 3, 1, 1, 1, 3, '(DEFAULT) 다음 중 옳은 것을 고르시오.','(DEFAULT)별 하나에 추억과 별 하나에 사랑과 별 하나에 쓸쓸함과', 1, 'DEFAULT_PICTURE_DATA','2024-07-31 16:08:28.000000', '2024-07-31 16:08:30.000000'), (2, 3, 1, 2, 1, 5, '(DEFAULT-객관식) 옳은 말을 하는 사람을 고르시오.', '(DEFAULT-객관식)민수: 삼각형 내각의 합은 400도야 ...', 3, 'TEST_DEFAULT_MATH_PIC1', '2024-07-31 16:12:28.000000', NULL), (3, 3, 1, 2, 2, 1, '(DEFAULT-주관식) 12345679*9=?', '(DEFAULT-주관식) 내용내용', 111111111, 'TEST_DEFAULT_MATH_PIC2', '2024-07-31 16:13:10.000000', '2024-07-31 16:13:12.000000');
INSERT INTO `haesol_online_multiple` (`answer_id`,`num`, `que_id`, `sentence`) VALUES (1, 1, 1, '국어 테스트문항 1번 보기입니다.'), (2, 2, 1, '국어 테스트문항 2번 보기입니다.'),(3, 3, 1, '국어 테스트문항 3번 보기입니다.'),(4, 4, 1, '국어 테스트문항 4번 보기입니다.'), (5, 5, 1, '국어 테스트문항 5번 보기입니다.'), (6, 1, 2, '민수, 영희'), (7, 2, 2, '영희, 다현'), (8, 3, 2, '다현, 민수'), (9, 4, 2, '영희'), (10, 5, 2, '민수');


